<?xml version="1.0" encoding="UTF-8"?><Basic xmlns="http://hl7.org/fhir"><id value="HealthResearchDataPortal"/><text><status value="generated"/><div xmlns="http://www.w3.org/1999/xhtml"><p class="res-header-id"><b>Generated Narrative: ActorDefinition HealthResearchDataPortal</b></p><a name="HealthResearchDataPortal"> </a><a name="hcHealthResearchDataPortal"> </a><a name="HealthResearchDataPortal-en-US"> </a><table class="grid"><tr><td><b>Actor: HealthResearchDataPortal </b></td><td>Health Research Data Portal (FDPG)</td><td>Type: system </td></tr><tr><td colspan="3"/></tr></table></div></text><extension url="https://www.medizininformatik-initiative.de/fhir/modul-meta/StructureDefinition/mii-ex-meta-license-codeable"><valueCodeableConcept><coding><system value="http://hl7.org/fhir/spdx-license"/><code value="CC-BY-4.0"/><display value="Creative Commons Attribution 4.0 International"/></coding></valueCodeableConcept></extension><extension url="http://hl7.org/fhir/5.0/StructureDefinition/extension-ActorDefinition.url"><valueUri value="https://www.medizininformatik-initiative.de/fhir/ActorDefinition/HealthResearchDataPortal"/></extension><extension url="http://hl7.org/fhir/5.0/StructureDefinition/extension-ActorDefinition.version"><valueString value="2025.0.1"/></extension><extension url="http://hl7.org/fhir/5.0/StructureDefinition/extension-ActorDefinition.name"><valueString value="HealthResearchDataPortal"/></extension><extension url="http://hl7.org/fhir/5.0/StructureDefinition/extension-ActorDefinition.title"><valueString value="Health Research Data Portal (FDPG)"/></extension><extension url="http://hl7.org/fhir/5.0/StructureDefinition/extension-ActorDefinition.status"><valueCode value="active"/></extension><extension url="http://hl7.org/fhir/5.0/StructureDefinition/extension-ActorDefinition.date"><valueDateTime value="2025-04-22"/></extension><extension url="http://hl7.org/fhir/5.0/StructureDefinition/extension-ActorDefinition.publisher"><valueString value="Medizininformatik Initiative"/></extension><extension url="http://hl7.org/fhir/5.0/StructureDefinition/extension-ActorDefinition.contact"><valueContactDetail><name value="Medizininformatik Initiative"/><telecom><system value="url"/><value value="https://www.medizininformatik-initiative.de/"/></telecom></valueContactDetail></extension><extension url="http://hl7.org/fhir/5.0/StructureDefinition/extension-ActorDefinition.description"><valueMarkdown value="In the context of the Medical Informatics Initiative (MII), the Health Research Data Portal (FDPG) &#xA;    is the central access point for researchers to find and access health-related data from participating university hospitals."/></extension><extension url="http://hl7.org/fhir/5.0/StructureDefinition/extension-ActorDefinition.jurisdiction"/><extension url="http://hl7.org/fhir/5.0/StructureDefinition/extension-ActorDefinition.type"><valueCode value="system"/></extension><code><coding><system value="http://hl7.org/fhir/fhir-types"/><code value="ActorDefinition"/></coding></code></Basic>