<?xml version="1.0" encoding="UTF-8"?>

<Basic xmlns="http://hl7.org/fhir">
  <id value="DataManagementSite"/>
  <text>
    <status value="generated"/><div xmlns="http://www.w3.org/1999/xhtml"><p class="res-header-id"><b>Generated Narrative: ActorDefinition DataManagementSite</b></p><a name="DataManagementSite"> </a><a name="hcDataManagementSite"> </a><a name="DataManagementSite-en-US"> </a><table class="grid"><tr><td><b>Actor: DataManagementSite </b></td><td>Data Management Site (DMS)</td><td>Type: system </td></tr><tr><td colspan="3"/></tr></table></div>
  </text>
  <extension url="https://www.medizininformatik-initiative.de/fhir/modul-meta/StructureDefinition/mii-ex-meta-license-codeable">
    <valueCodeableConcept>
      <coding>
        <system value="http://hl7.org/fhir/spdx-license"/>
        <code value="CC-BY-4.0"/>
        <display value="Creative Commons Attribution 4.0 International"/>
      </coding>
    </valueCodeableConcept>
  </extension>
  <extension url="http://hl7.org/fhir/5.0/StructureDefinition/extension-ActorDefinition.url">
    <valueUri value="https://www.medizininformatik-initiative.de/fhir/ActorDefinition/DataManagementSite"/>
  </extension>
  <extension url="http://hl7.org/fhir/5.0/StructureDefinition/extension-ActorDefinition.version">
    <valueString value="2025.0.1"/>
  </extension>
  <extension url="http://hl7.org/fhir/5.0/StructureDefinition/extension-ActorDefinition.name">
    <valueString value="DataManagementSite"/>
  </extension>
  <extension url="http://hl7.org/fhir/5.0/StructureDefinition/extension-ActorDefinition.title">
    <valueString value="Data Management Site (DMS)"/>
  </extension>
  <extension url="http://hl7.org/fhir/5.0/StructureDefinition/extension-ActorDefinition.status">
    <valueCode value="active"/>
  </extension>
  <extension url="http://hl7.org/fhir/5.0/StructureDefinition/extension-ActorDefinition.date">
    <valueDateTime value="2025-04-22"/>
  </extension>
  <extension url="http://hl7.org/fhir/5.0/StructureDefinition/extension-ActorDefinition.publisher">
    <valueString value="Medizininformatik Initiative"/>
  </extension>
  <extension url="http://hl7.org/fhir/5.0/StructureDefinition/extension-ActorDefinition.contact">
    <valueContactDetail>
      <name value="Medizininformatik Initiative"/>
      <telecom>
        <system value="url"/>
        <value value="https://www.medizininformatik-initiative.de/"/>
      </telecom>
    </valueContactDetail>
  </extension>
  <extension url="http://hl7.org/fhir/5.0/StructureDefinition/extension-ActorDefinition.description">
    <valueMarkdown value="In the context of the Medical Informatics Initiative (MII), the Data Management Site (DMS) &#xA;    offers the necessary interfaces for the integration of data from the data integration centers (DIC).&#xA;    In a data usage project, the DMS is responsible for provision of data to authorized researchers and &#xA;    archiving of the data sets. "/>
  </extension>
  <extension url="http://hl7.org/fhir/5.0/StructureDefinition/extension-ActorDefinition.jurisdiction"/>
  <extension url="http://hl7.org/fhir/5.0/StructureDefinition/extension-ActorDefinition.type">
    <valueCode value="system"/>
  </extension>
  <code>
    <coding>
      <system value="http://hl7.org/fhir/fhir-types"/>
      <code value="ActorDefinition"/>
    </coding>
  </code>
</Basic>