{
  "resourceType" : "CodeSystem",
  "id" : "mii-cs-person-vitalstatus",
  "text" : {
    "status" : "generated",
    "div" : "<div xmlns=\"http://www.w3.org/1999/xhtml\"><p class=\"res-header-id\"><b>Generated Narrative: CodeSystem mii-cs-person-vitalstatus</b></p><a name=\"mii-cs-person-vitalstatus\"> </a><a name=\"hcmii-cs-person-vitalstatus\"> </a><a name=\"mii-cs-person-vitalstatus-en-US\"> </a><p>This case-sensitive code system <code>https://www.medizininformatik-initiative.de/fhir/core/modul-person/CodeSystem/Vitalstatus</code> defines the following codes:</p><table class=\"codes\"><tr><td style=\"white-space:nowrap\"><b>Code</b></td><td><b>Display</b></td></tr><tr><td style=\"white-space:nowrap\">L<a name=\"mii-cs-person-vitalstatus-L\"> </a></td><td>Patient lebt</td></tr><tr><td style=\"white-space:nowrap\">T<a name=\"mii-cs-person-vitalstatus-T\"> </a></td><td>Patient verstorben</td></tr><tr><td style=\"white-space:nowrap\">A<a name=\"mii-cs-person-vitalstatus-A\"> </a></td><td>unbekannt, Patient nicht mehr auffindbar (lost to follow-up)</td></tr><tr><td style=\"white-space:nowrap\">N<a name=\"mii-cs-person-vitalstatus-N\"> </a></td><td>unbekannt, Betreuung/Nachsorge nicht mehr nötig</td></tr><tr><td style=\"white-space:nowrap\">B<a name=\"mii-cs-person-vitalstatus-B\"> </a></td><td>unbekannt, Patient ist anderenorts in Betreuung</td></tr><tr><td style=\"white-space:nowrap\">V<a name=\"mii-cs-person-vitalstatus-V\"> </a></td><td>unbekannt, Patient verweigert weitere Betreuung</td></tr><tr><td style=\"white-space:nowrap\">X<a name=\"mii-cs-person-vitalstatus-X\"> </a></td><td>unbekannt</td></tr></table></div>"
  },
  "extension" : [{
    "url" : "https://www.medizininformatik-initiative.de/fhir/modul-meta/StructureDefinition/mii-ex-meta-license-codeable",
    "valueCodeableConcept" : {
      "coding" : [{
        "system" : "http://hl7.org/fhir/spdx-license",
        "code" : "CC-BY-4.0",
        "display" : "Creative Commons Attribution 4.0 International"
      }]
    }
  }],
  "url" : "https://www.medizininformatik-initiative.de/fhir/core/modul-person/CodeSystem/Vitalstatus",
  "version" : "2025.0.1",
  "name" : "MII_CS_Person_Vitalstatus",
  "title" : "MII CS Person Vitalstatus",
  "status" : "active",
  "date" : "2024-12-04",
  "publisher" : "Medizininformatik Initiative",
  "contact" : [{
    "name" : "Medizininformatik Initiative",
    "telecom" : [{
      "system" : "url",
      "value" : "https://www.medizininformatik-initiative.de/"
    }]
  }],
  "description" : "Vitalstatus des Patienten",
  "caseSensitive" : true,
  "valueSet" : "https://www.medizininformatik-initiative.de/fhir/core/modul-person/ValueSet/Vitalstatus",
  "content" : "complete",
  "count" : 7,
  "concept" : [{
    "code" : "L",
    "display" : "Patient lebt"
  },
  {
    "code" : "T",
    "display" : "Patient verstorben"
  },
  {
    "code" : "A",
    "display" : "unbekannt, Patient nicht mehr auffindbar (lost to follow-up)"
  },
  {
    "code" : "N",
    "display" : "unbekannt, Betreuung/Nachsorge nicht mehr nötig"
  },
  {
    "code" : "B",
    "display" : "unbekannt, Patient ist anderenorts in Betreuung"
  },
  {
    "code" : "V",
    "display" : "unbekannt, Patient verweigert weitere Betreuung"
  },
  {
    "code" : "X",
    "display" : "unbekannt"
  }]
}