﻿{
  "openapi": "3.0.2",
  "info": {
    "title": "MII CPS Person CapabilityStatement",
    "description": "Das vorliegende CapabilityStatement beschreibt alle verpflichtenden Interaktionen die ein konformes System unterstützen muss um das Modul Person der Medizininformatik Initiative zu implementieren.",
    "license": {
      "name": "Creative Commons Zero v1.0 Universal",
      "url": "http://spdx.org/licenses/CC0-1.0.html"
    },
    "version": "2025.0.1",
    "contact": {
      "name": "Medizininformatik Initiative",
      "url": "https://www.medizininformatik-initiative.de/"
    }
  },
  "externalDocs": {
    "url": "https://www.medizininformatik-initiative.de/fhir/core/modul-person/CapabilityStatement/metadata",
    "description": "FHIR CapabilityStatement"
  },
  "paths": {
    "/metadata": {
      "summary": "Access to the Server\u0027s Capability Statement",
      "description": "All FHIR Servers return a CapabilityStatement that describes what services they perform",
      "get": {
        "summary": "Return the server\u0027s capability statement",
        "operationId": "metadata",
        "responses": {
          "default": {
            "description": "Error, with details",
            "content": {
              "application/fhir+json": {
                "schema": {
                  "$ref": "https://hl7.org/fhir/R4/fhir.schema.json#/definitions/OperationOutcome"
                }
              },
              "application/fhir+xml": {
                "schema": {
                  "$ref": "https://hl7.org/fhir/R4/OperationOutcome.xsd"
                }
              }
            }
          },
          "200": {
            "description": "the capbility statement",
            "content": {
              "application/fhir+json": {
                "schema": {
                  "$ref": "https://hl7.org/fhir/R4/fhir.schema.json#/definitions/CapabilityStatement"
                }
              },
              "application/fhir+xml": {
                "schema": {
                  "$ref": "https://hl7.org/fhir/R4/CapabilityStatement.xsd"
                }
              }
            }
          }
        },
        "parameters": [
          {
            "$ref": "#/components/parameters/format"
          },
          {
            "$ref": "#/components/parameters/pretty"
          },
          {
            "$ref": "#/components/parameters/summary"
          },
          {
            "$ref": "#/components/parameters/elements"
          }
        ]
      }
    },
    "/Patient": {
      "summary": "manage the collection of resources of type Patient",
      "description": "Access to services to manage the collection of all resources of type Patient",
      "get": {
        "summary": "Search all resources of type Patient based on a set of criteria",
        "operationId": "searchPatient",
        "responses": {
          "default": {
            "description": "Error, with details",
            "content": {
              "application/fhir+json": {
                "schema": {
                  "$ref": "https://hl7.org/fhir/R4/fhir.schema.json#/definitions/OperationOutcome"
                }
              },
              "application/fhir+xml": {
                "schema": {
                  "$ref": "https://hl7.org/fhir/R4/OperationOutcome.xsd"
                }
              }
            }
          },
          "200": {
            "description": "the resource being returned",
            "content": {
              "application/fhir+json": {
                "schema": {
                  "$ref": "https://hl7.org/fhir/R4/fhir.schema.json#/definitions/Bundle"
                }
              },
              "application/fhir+xml": {
                "schema": {
                  "$ref": "https://hl7.org/fhir/R4/Bundle.xsd"
                }
              }
            }
          }
        },
        "parameters": [
          {
            "$ref": "#/components/parameters/format"
          },
          {
            "$ref": "#/components/parameters/pretty"
          },
          {
            "$ref": "#/components/parameters/summary"
          },
          {
            "$ref": "#/components/parameters/elements"
          },
          {
            "name": "_count",
            "in": "query",
            "schema": {}
          },
          {
            "name": "_summary",
            "in": "query",
            "schema": {}
          },
          {
            "name": "_id",
            "in": "query",
            "schema": {
              "type": "string"
            },
            "description": "Logical id of this artifact"
          },
          {
            "name": "_profile",
            "in": "query",
            "schema": {
              "type": "string"
            },
            "description": "Profiles this resource claims to conform to"
          },
          {
            "name": "identifier",
            "in": "query",
            "schema": {
              "type": "string"
            },
            "description": "A patient identifier"
          },
          {
            "name": "assigner-pid",
            "in": "query",
            "schema": {
              "type": "string"
            },
            "description": "Suchparameter für Patient.identifier.assigner.identifier"
          },
          {
            "name": "given",
            "in": "query",
            "schema": {
              "type": "string"
            },
            "description": "Multiple Resources: \r\n\r\n* [Patient](patient.html): A portion of the given name of the patient\r\n* [Practitioner](practitioner.html): A portion of the given name\r\n"
          },
          {
            "name": "family",
            "in": "query",
            "schema": {
              "type": "string"
            },
            "description": "Multiple Resources: \r\n\r\n* [Patient](patient.html): A portion of the family name of the patient\r\n* [Practitioner](practitioner.html): A portion of the family name\r\n"
          },
          {
            "name": "name",
            "in": "query",
            "schema": {
              "type": "string"
            },
            "description": "A server defined search that may match any of the string fields in the HumanName, including family, give, prefix, suffix, suffix, and/or text"
          },
          {
            "name": "prefix",
            "in": "query",
            "schema": {
              "type": "string"
            },
            "description": "Suchparameter für Patient.name.prefix"
          },
          {
            "name": "prefix-qualifier",
            "in": "query",
            "schema": {
              "type": "string"
            },
            "description": "Suchparameter für Patient.name.prefix.extension:prefix-qualifier"
          },
          {
            "name": "gender",
            "in": "query",
            "schema": {
              "type": "string"
            },
            "description": "Multiple Resources: \r\n\r\n* [Patient](patient.html): Gender of the patient\r\n* [Person](person.html): The gender of the person\r\n* [Practitioner](practitioner.html): Gender of the practitioner\r\n* [RelatedPerson](relatedperson.html): Gender of the related person\r\n"
          },
          {
            "name": "other-amtlich",
            "in": "query",
            "schema": {
              "type": "string"
            },
            "description": "Suchparameter für Patient.gender.extension:other-amtlich"
          },
          {
            "name": "birthdate",
            "in": "query",
            "schema": {
              "type": "string",
              "pattern": "([0-9]([0-9]([0-9][1-9]|[1-9]0)|[1-9]00)|[1-9]000)(-(0[1-9]|1[0-2])(-(0[1-9]|[1-2][0-9]|3[0-1])(T([01][0-9]|2[0-3]):[0-5][0-9]:([0-5][0-9]|60)(\\.[0-9]+)?(Z|(\\+|-)((0[0-9]|1[0-3]):[0-5][0-9]|14:00)))?)?)?"
            },
            "description": "Multiple Resources: \r\n\r\n* [Patient](patient.html): The patient\u0027s date of birth\r\n* [Person](person.html): The person\u0027s date of birth\r\n* [RelatedPerson](relatedperson.html): The Related Person\u0027s date of birth\r\n"
          },
          {
            "name": "death-date",
            "in": "query",
            "schema": {
              "type": "string",
              "pattern": "([0-9]([0-9]([0-9][1-9]|[1-9]0)|[1-9]00)|[1-9]000)(-(0[1-9]|1[0-2])(-(0[1-9]|[1-2][0-9]|3[0-1])(T([01][0-9]|2[0-3]):[0-5][0-9]:([0-5][0-9]|60)(\\.[0-9]+)?(Z|(\\+|-)((0[0-9]|1[0-3]):[0-5][0-9]|14:00)))?)?)?"
            },
            "description": "The date of death has been provided and satisfies this search value"
          },
          {
            "name": "deceased",
            "in": "query",
            "schema": {
              "type": "string"
            },
            "description": "This patient has been marked as deceased, or as a death date entered"
          },
          {
            "name": "address",
            "in": "query",
            "schema": {
              "type": "string"
            },
            "description": "Multiple Resources: \r\n\r\n* [Patient](patient.html): A server defined search that may match any of the string fields in the Address, including line, city, district, state, country, postalCode, and/or text\r\n* [Person](person.html): A server defined search that may match any of the string fields in the Address, including line, city, district, state, country, postalCode, and/or text\r\n* [Practitioner](practitioner.html): A server defined search that may match any of the string fields in the Address, including line, city, district, state, country, postalCode, and/or text\r\n* [RelatedPerson](relatedperson.html): A server defined search that may match any of the string fields in the Address, including line, city, district, state, country, postalCode, and/or text\r\n"
          },
          {
            "name": "address-city",
            "in": "query",
            "schema": {
              "type": "string"
            },
            "description": "Multiple Resources: \r\n\r\n* [Patient](patient.html): A city specified in an address\r\n* [Person](person.html): A city specified in an address\r\n* [Practitioner](practitioner.html): A city specified in an address\r\n* [RelatedPerson](relatedperson.html): A city specified in an address\r\n"
          },
          {
            "name": "address-postalcode",
            "in": "query",
            "schema": {
              "type": "string"
            },
            "description": "Multiple Resources: \r\n\r\n* [Patient](patient.html): A postalCode specified in an address\r\n* [Person](person.html): A postal code specified in an address\r\n* [Practitioner](practitioner.html): A postalCode specified in an address\r\n* [RelatedPerson](relatedperson.html): A postal code specified in an address\r\n"
          },
          {
            "name": "address-country",
            "in": "query",
            "schema": {
              "type": "string"
            },
            "description": "Multiple Resources: \r\n\r\n* [Patient](patient.html): A country specified in an address\r\n* [Person](person.html): A country specified in an address\r\n* [Practitioner](practitioner.html): A country specified in an address\r\n* [RelatedPerson](relatedperson.html): A country specified in an address\r\n"
          },
          {
            "name": "gemeindeschluessel",
            "in": "query",
            "schema": {
              "type": "string"
            },
            "description": "Suchparameter für Patient.address.city.extension:gemeindeschluessel"
          },
          {
            "name": "strasse",
            "in": "query",
            "schema": {
              "type": "string"
            },
            "description": "Suchparameter für Patient.address.line.extension:Strasse"
          },
          {
            "name": "hausnummer",
            "in": "query",
            "schema": {
              "type": "string"
            },
            "description": "Suchparameter für Patient.address.line.extension:Hausnummer"
          },
          {
            "name": "adresszusatz",
            "in": "query",
            "schema": {
              "type": "string"
            },
            "description": "Suchparameter für Patient.address.line.extension:Adresszusatz"
          },
          {
            "name": "postfach",
            "in": "query",
            "schema": {
              "type": "string"
            },
            "description": "Suchparameter für Patient.address.line.extension:Postfach"
          },
          {
            "name": "stadtteil",
            "in": "query",
            "schema": {
              "type": "string"
            },
            "description": "Suchparameter für Patient.address.extension:Stadtteil"
          },
          {
            "name": "link",
            "in": "query",
            "schema": {
              "type": "string"
            },
            "description": "All patients linked to the given patient"
          }
        ]
      }
    },
    "/Patient/{rid}": {
      "summary": "Read/Write/etc resource instance of type Patient",
      "description": "Access to services to manage the state of a single resource of type Patient",
      "get": {
        "summary": "Read the current state of the resource",
        "operationId": "readPatient",
        "responses": {
          "default": {
            "description": "Error, with details",
            "content": {
              "application/fhir+json": {
                "schema": {
                  "$ref": "https://hl7.org/fhir/R4/fhir.schema.json#/definitions/OperationOutcome"
                }
              },
              "application/fhir+xml": {
                "schema": {
                  "$ref": "https://hl7.org/fhir/R4/OperationOutcome.xsd"
                }
              }
            }
          },
          "200": {
            "description": "the resource being returned",
            "headers": {
              "ETag": {
                "description": "Version from Resource.meta.version as a weak ETag",
                "schema": {
                  "type": "string"
                }
              }
            },
            "content": {
              "application/fhir+json": {
                "schema": {
                  "$ref": "https://hl7.org/fhir/R4/fhir.schema.json#/definitions/Patient"
                }
              },
              "application/fhir+xml": {
                "schema": {
                  "$ref": "https://hl7.org/fhir/R4/Patient.xsd"
                }
              }
            }
          }
        },
        "parameters": [
          {
            "$ref": "#/components/parameters/rid"
          },
          {
            "$ref": "#/components/parameters/summary"
          },
          {
            "$ref": "#/components/parameters/format"
          },
          {
            "$ref": "#/components/parameters/pretty"
          },
          {
            "$ref": "#/components/parameters/elements"
          }
        ]
      }
    },
    "/Observation": {
      "summary": "manage the collection of resources of type Observation",
      "description": "Access to services to manage the collection of all resources of type Observation",
      "get": {
        "summary": "Search all resources of type Observation based on a set of criteria",
        "operationId": "searchObservation",
        "responses": {
          "default": {
            "description": "Error, with details",
            "content": {
              "application/fhir+json": {
                "schema": {
                  "$ref": "https://hl7.org/fhir/R4/fhir.schema.json#/definitions/OperationOutcome"
                }
              },
              "application/fhir+xml": {
                "schema": {
                  "$ref": "https://hl7.org/fhir/R4/OperationOutcome.xsd"
                }
              }
            }
          },
          "200": {
            "description": "the resource being returned",
            "content": {
              "application/fhir+json": {
                "schema": {
                  "$ref": "https://hl7.org/fhir/R4/fhir.schema.json#/definitions/Bundle"
                }
              },
              "application/fhir+xml": {
                "schema": {
                  "$ref": "https://hl7.org/fhir/R4/Bundle.xsd"
                }
              }
            }
          }
        },
        "parameters": [
          {
            "$ref": "#/components/parameters/format"
          },
          {
            "$ref": "#/components/parameters/pretty"
          },
          {
            "$ref": "#/components/parameters/summary"
          },
          {
            "$ref": "#/components/parameters/elements"
          },
          {
            "name": "_count",
            "in": "query",
            "schema": {}
          },
          {
            "name": "_summary",
            "in": "query",
            "schema": {}
          },
          {
            "name": "_id",
            "in": "query",
            "schema": {
              "type": "string"
            },
            "description": "Logical id of this artifact"
          },
          {
            "name": "_profile",
            "in": "query",
            "schema": {
              "type": "string"
            },
            "description": "Profiles this resource claims to conform to"
          },
          {
            "name": "status",
            "in": "query",
            "schema": {
              "type": "string"
            },
            "description": "The status of the observation"
          },
          {
            "name": "code",
            "in": "query",
            "schema": {
              "type": "string"
            },
            "description": "Multiple Resources: \r\n\r\n* [AllergyIntolerance](allergyintolerance.html): Code that identifies the allergy or intolerance\r\n* [Condition](condition.html): Code for the condition\r\n* [DeviceRequest](devicerequest.html): Code for what is being requested/ordered\r\n* [DiagnosticReport](diagnosticreport.html): The code for the report, as opposed to codes for the atomic results, which are the names on the observation resource referred to from the result\r\n* [FamilyMemberHistory](familymemberhistory.html): A search by a condition code\r\n* [List](list.html): What the purpose of this list is\r\n* [Medication](medication.html): Returns medications for a specific code\r\n* [MedicationAdministration](medicationadministration.html): Return administrations of this medication code\r\n* [MedicationDispense](medicationdispense.html): Returns dispenses of this medicine code\r\n* [MedicationRequest](medicationrequest.html): Return prescriptions of this medication code\r\n* [MedicationStatement](medicationstatement.html): Return statements of this medication code\r\n* [Observation](observation.html): The code of the observation type\r\n* [Procedure](procedure.html): A code to identify a  procedure\r\n* [ServiceRequest](servicerequest.html): What is being requested/ordered\r\n"
          },
          {
            "name": "subject",
            "in": "query",
            "schema": {
              "type": "string"
            },
            "description": "The subject that the observation is about"
          },
          {
            "name": "patient",
            "in": "query",
            "schema": {
              "type": "string"
            },
            "description": "Multiple Resources: \r\n\r\n* [AllergyIntolerance](allergyintolerance.html): Who the sensitivity is for\r\n* [CarePlan](careplan.html): Who the care plan is for\r\n* [CareTeam](careteam.html): Who care team is for\r\n* [ClinicalImpression](clinicalimpression.html): Patient or group assessed\r\n* [Composition](composition.html): Who and/or what the composition is about\r\n* [Condition](condition.html): Who has the condition?\r\n* [Consent](consent.html): Who the consent applies to\r\n* [DetectedIssue](detectedissue.html): Associated patient\r\n* [DeviceRequest](devicerequest.html): Individual the service is ordered for\r\n* [DeviceUseStatement](deviceusestatement.html): Search by subject - a patient\r\n* [DiagnosticReport](diagnosticreport.html): The subject of the report if a patient\r\n* [DocumentManifest](documentmanifest.html): The subject of the set of documents\r\n* [DocumentReference](documentreference.html): Who/what is the subject of the document\r\n* [Encounter](encounter.html): The patient or group present at the encounter\r\n* [EpisodeOfCare](episodeofcare.html): The patient who is the focus of this episode of care\r\n* [FamilyMemberHistory](familymemberhistory.html): The identity of a subject to list family member history items for\r\n* [Flag](flag.html): The identity of a subject to list flags for\r\n* [Goal](goal.html): Who this goal is intended for\r\n* [ImagingStudy](imagingstudy.html): Who the study is about\r\n* [Immunization](immunization.html): The patient for the vaccination record\r\n* [List](list.html): If all resources have the same subject\r\n* [MedicationAdministration](medicationadministration.html): The identity of a patient to list administrations  for\r\n* [MedicationDispense](medicationdispense.html): The identity of a patient to list dispenses  for\r\n* [MedicationRequest](medicationrequest.html): Returns prescriptions for a specific patient\r\n* [MedicationStatement](medicationstatement.html): Returns statements for a specific patient.\r\n* [NutritionOrder](nutritionorder.html): The identity of the person who requires the diet, formula or nutritional supplement\r\n* [Observation](observation.html): The subject that the observation is about (if patient)\r\n* [Procedure](procedure.html): Search by subject - a patient\r\n* [RiskAssessment](riskassessment.html): Who/what does assessment apply to?\r\n* [ServiceRequest](servicerequest.html): Search by subject - a patient\r\n* [SupplyDelivery](supplydelivery.html): Patient for whom the item is supplied\r\n* [VisionPrescription](visionprescription.html): The identity of a patient to list dispenses for\r\n"
          },
          {
            "name": "date",
            "in": "query",
            "schema": {
              "type": "string",
              "pattern": "([0-9]([0-9]([0-9][1-9]|[1-9]0)|[1-9]00)|[1-9]000)(-(0[1-9]|1[0-2])(-(0[1-9]|[1-2][0-9]|3[0-1])(T([01][0-9]|2[0-3]):[0-5][0-9]:([0-5][0-9]|60)(\\.[0-9]+)?(Z|(\\+|-)((0[0-9]|1[0-3]):[0-5][0-9]|14:00)))?)?)?"
            },
            "description": "Multiple Resources: \r\n\r\n* [AllergyIntolerance](allergyintolerance.html): Date first version of the resource instance was recorded\r\n* [CarePlan](careplan.html): Time period plan covers\r\n* [CareTeam](careteam.html): Time period team covers\r\n* [ClinicalImpression](clinicalimpression.html): When the assessment was documented\r\n* [Composition](composition.html): Composition editing time\r\n* [Consent](consent.html): When this Consent was created or indexed\r\n* [DiagnosticReport](diagnosticreport.html): The clinically relevant time of the report\r\n* [Encounter](encounter.html): A date within the period the Encounter lasted\r\n* [EpisodeOfCare](episodeofcare.html): The provided date search value falls within the episode of care\u0027s period\r\n* [FamilyMemberHistory](familymemberhistory.html): When history was recorded or last updated\r\n* [Flag](flag.html): Time period when flag is active\r\n* [Immunization](immunization.html): Vaccination  (non)-Administration Date\r\n* [List](list.html): When the list was prepared\r\n* [Observation](observation.html): Obtained date/time. If the obtained element is a period, a date that falls in the period\r\n* [Procedure](procedure.html): When the procedure was performed\r\n* [RiskAssessment](riskassessment.html): When was assessment made?\r\n* [SupplyRequest](supplyrequest.html): When the request was made\r\n"
          },
          {
            "name": "value-concept",
            "in": "query",
            "schema": {
              "type": "string"
            },
            "description": "The value of the observation, if the value is a CodeableConcept"
          },
          {
            "name": "code-value-concept",
            "in": "query",
            "schema": {},
            "description": "Code and coded value parameter pair"
          }
        ]
      }
    },
    "/Observation/{rid}": {
      "summary": "Read/Write/etc resource instance of type Observation",
      "description": "Access to services to manage the state of a single resource of type Observation",
      "get": {
        "summary": "Read the current state of the resource",
        "operationId": "readObservation",
        "responses": {
          "default": {
            "description": "Error, with details",
            "content": {
              "application/fhir+json": {
                "schema": {
                  "$ref": "https://hl7.org/fhir/R4/fhir.schema.json#/definitions/OperationOutcome"
                }
              },
              "application/fhir+xml": {
                "schema": {
                  "$ref": "https://hl7.org/fhir/R4/OperationOutcome.xsd"
                }
              }
            }
          },
          "200": {
            "description": "the resource being returned",
            "headers": {
              "ETag": {
                "description": "Version from Resource.meta.version as a weak ETag",
                "schema": {
                  "type": "string"
                }
              }
            },
            "content": {
              "application/fhir+json": {
                "schema": {
                  "$ref": "https://hl7.org/fhir/R4/fhir.schema.json#/definitions/Observation"
                }
              },
              "application/fhir+xml": {
                "schema": {
                  "$ref": "https://hl7.org/fhir/R4/Observation.xsd"
                }
              }
            }
          }
        },
        "parameters": [
          {
            "$ref": "#/components/parameters/rid"
          },
          {
            "$ref": "#/components/parameters/summary"
          },
          {
            "$ref": "#/components/parameters/format"
          },
          {
            "$ref": "#/components/parameters/pretty"
          },
          {
            "$ref": "#/components/parameters/elements"
          }
        ]
      }
    },
    "/Condition": {
      "summary": "manage the collection of resources of type Condition",
      "description": "Access to services to manage the collection of all resources of type Condition",
      "get": {
        "summary": "Search all resources of type Condition based on a set of criteria",
        "operationId": "searchCondition",
        "responses": {
          "default": {
            "description": "Error, with details",
            "content": {
              "application/fhir+json": {
                "schema": {
                  "$ref": "https://hl7.org/fhir/R4/fhir.schema.json#/definitions/OperationOutcome"
                }
              },
              "application/fhir+xml": {
                "schema": {
                  "$ref": "https://hl7.org/fhir/R4/OperationOutcome.xsd"
                }
              }
            }
          },
          "200": {
            "description": "the resource being returned",
            "content": {
              "application/fhir+json": {
                "schema": {
                  "$ref": "https://hl7.org/fhir/R4/fhir.schema.json#/definitions/Bundle"
                }
              },
              "application/fhir+xml": {
                "schema": {
                  "$ref": "https://hl7.org/fhir/R4/Bundle.xsd"
                }
              }
            }
          }
        },
        "parameters": [
          {
            "$ref": "#/components/parameters/format"
          },
          {
            "$ref": "#/components/parameters/pretty"
          },
          {
            "$ref": "#/components/parameters/summary"
          },
          {
            "$ref": "#/components/parameters/elements"
          },
          {
            "name": "_count",
            "in": "query",
            "schema": {}
          },
          {
            "name": "_summary",
            "in": "query",
            "schema": {}
          },
          {
            "name": "_id",
            "in": "query",
            "schema": {
              "type": "string"
            },
            "description": "Logical id of this artifact"
          },
          {
            "name": "_profile",
            "in": "query",
            "schema": {
              "type": "string"
            },
            "description": "Profiles this resource claims to conform to"
          },
          {
            "name": "category",
            "in": "query",
            "schema": {
              "type": "string"
            },
            "description": "The category of the condition"
          },
          {
            "name": "code",
            "in": "query",
            "schema": {
              "type": "string"
            },
            "description": "Multiple Resources: \r\n\r\n* [AllergyIntolerance](allergyintolerance.html): Code that identifies the allergy or intolerance\r\n* [Condition](condition.html): Code for the condition\r\n* [DeviceRequest](devicerequest.html): Code for what is being requested/ordered\r\n* [DiagnosticReport](diagnosticreport.html): The code for the report, as opposed to codes for the atomic results, which are the names on the observation resource referred to from the result\r\n* [FamilyMemberHistory](familymemberhistory.html): A search by a condition code\r\n* [List](list.html): What the purpose of this list is\r\n* [Medication](medication.html): Returns medications for a specific code\r\n* [MedicationAdministration](medicationadministration.html): Return administrations of this medication code\r\n* [MedicationDispense](medicationdispense.html): Returns dispenses of this medicine code\r\n* [MedicationRequest](medicationrequest.html): Return prescriptions of this medication code\r\n* [MedicationStatement](medicationstatement.html): Return statements of this medication code\r\n* [Observation](observation.html): The code of the observation type\r\n* [Procedure](procedure.html): A code to identify a  procedure\r\n* [ServiceRequest](servicerequest.html): What is being requested/ordered\r\n"
          },
          {
            "name": "subject",
            "in": "query",
            "schema": {
              "type": "string"
            },
            "description": "Who has the condition?"
          },
          {
            "name": "patient",
            "in": "query",
            "schema": {
              "type": "string"
            },
            "description": "Multiple Resources: \r\n\r\n* [AllergyIntolerance](allergyintolerance.html): Who the sensitivity is for\r\n* [CarePlan](careplan.html): Who the care plan is for\r\n* [CareTeam](careteam.html): Who care team is for\r\n* [ClinicalImpression](clinicalimpression.html): Patient or group assessed\r\n* [Composition](composition.html): Who and/or what the composition is about\r\n* [Condition](condition.html): Who has the condition?\r\n* [Consent](consent.html): Who the consent applies to\r\n* [DetectedIssue](detectedissue.html): Associated patient\r\n* [DeviceRequest](devicerequest.html): Individual the service is ordered for\r\n* [DeviceUseStatement](deviceusestatement.html): Search by subject - a patient\r\n* [DiagnosticReport](diagnosticreport.html): The subject of the report if a patient\r\n* [DocumentManifest](documentmanifest.html): The subject of the set of documents\r\n* [DocumentReference](documentreference.html): Who/what is the subject of the document\r\n* [Encounter](encounter.html): The patient or group present at the encounter\r\n* [EpisodeOfCare](episodeofcare.html): The patient who is the focus of this episode of care\r\n* [FamilyMemberHistory](familymemberhistory.html): The identity of a subject to list family member history items for\r\n* [Flag](flag.html): The identity of a subject to list flags for\r\n* [Goal](goal.html): Who this goal is intended for\r\n* [ImagingStudy](imagingstudy.html): Who the study is about\r\n* [Immunization](immunization.html): The patient for the vaccination record\r\n* [List](list.html): If all resources have the same subject\r\n* [MedicationAdministration](medicationadministration.html): The identity of a patient to list administrations  for\r\n* [MedicationDispense](medicationdispense.html): The identity of a patient to list dispenses  for\r\n* [MedicationRequest](medicationrequest.html): Returns prescriptions for a specific patient\r\n* [MedicationStatement](medicationstatement.html): Returns statements for a specific patient.\r\n* [NutritionOrder](nutritionorder.html): The identity of the person who requires the diet, formula or nutritional supplement\r\n* [Observation](observation.html): The subject that the observation is about (if patient)\r\n* [Procedure](procedure.html): Search by subject - a patient\r\n* [RiskAssessment](riskassessment.html): Who/what does assessment apply to?\r\n* [ServiceRequest](servicerequest.html): Search by subject - a patient\r\n* [SupplyDelivery](supplydelivery.html): Patient for whom the item is supplied\r\n* [VisionPrescription](visionprescription.html): The identity of a patient to list dispenses for\r\n"
          }
        ]
      }
    },
    "/Condition/{rid}": {
      "summary": "Read/Write/etc resource instance of type Condition",
      "description": "Access to services to manage the state of a single resource of type Condition",
      "get": {
        "summary": "Read the current state of the resource",
        "operationId": "readCondition",
        "responses": {
          "default": {
            "description": "Error, with details",
            "content": {
              "application/fhir+json": {
                "schema": {
                  "$ref": "https://hl7.org/fhir/R4/fhir.schema.json#/definitions/OperationOutcome"
                }
              },
              "application/fhir+xml": {
                "schema": {
                  "$ref": "https://hl7.org/fhir/R4/OperationOutcome.xsd"
                }
              }
            }
          },
          "200": {
            "description": "the resource being returned",
            "headers": {
              "ETag": {
                "description": "Version from Resource.meta.version as a weak ETag",
                "schema": {
                  "type": "string"
                }
              }
            },
            "content": {
              "application/fhir+json": {
                "schema": {
                  "$ref": "https://hl7.org/fhir/R4/fhir.schema.json#/definitions/Condition"
                }
              },
              "application/fhir+xml": {
                "schema": {
                  "$ref": "https://hl7.org/fhir/R4/Condition.xsd"
                }
              }
            }
          }
        },
        "parameters": [
          {
            "$ref": "#/components/parameters/rid"
          },
          {
            "$ref": "#/components/parameters/summary"
          },
          {
            "$ref": "#/components/parameters/format"
          },
          {
            "$ref": "#/components/parameters/pretty"
          },
          {
            "$ref": "#/components/parameters/elements"
          }
        ]
      }
    }
  },
  "components": {
    "parameters": {
      "rid": {
        "name": "rid",
        "in": "path",
        "description": "id of the resource (\u003dResource.id)",
        "required": true,
        "allowEmptyValue": false,
        "style": "simple",
        "schema": {
          "type": "string"
        }
      },
      "hid": {
        "name": "hid",
        "in": "path",
        "description": "id of the history entry (\u003dResource.meta.versionId)",
        "required": true,
        "allowEmptyValue": false,
        "style": "simple",
        "schema": {
          "type": "string"
        }
      },
      "summary": {
        "name": "_summary",
        "in": "query",
        "description": "Requests the server to return a designated subset of the resource",
        "allowEmptyValue": true,
        "style": "form",
        "schema": {
          "type": "string",
          "enum": [
            "true",
            "text",
            "data",
            "count",
            "false"
          ]
        }
      },
      "format": {
        "name": "_format",
        "in": "query",
        "description": "Specify alternative response formats by their MIME-types (when a client is unable acccess accept: header)",
        "allowEmptyValue": true,
        "style": "form",
        "schema": {
          "type": "string",
          "format": "mime-type"
        }
      },
      "pretty": {
        "name": "_pretty",
        "in": "query",
        "description": "Ask for a pretty printed response for human convenience",
        "allowEmptyValue": true,
        "style": "form",
        "schema": {
          "type": "boolean"
        }
      },
      "elements": {
        "name": "_elements",
        "in": "query",
        "description": "Requests the server to return a collection of elements from the resource",
        "allowEmptyValue": true,
        "style": "form",
        "explode": false,
        "schema": {
          "type": "array",
          "format": "string",
          "items": {
            "format": "string"
          }
        }
      },
      "count": {
        "name": "_count",
        "in": "query",
        "description": "The maximum number of search results on a page. The server is not bound to return the number requested, but cannot return more",
        "schema": {
          "type": "number"
        }
      }
    }
  }
}