{
  "resourceType" : "Observation",
  "id" : "mii-exa-person-observation-vitalstatus",
  "meta" : {
    "profile" : ["https://www.medizininformatik-initiative.de/fhir/core/modul-person/StructureDefinition/Vitalstatus|2025.0.1"],
    "security" : [{
      "system" : "http://terminology.hl7.org/CodeSystem/v3-ActReason",
      "code" : "HTEST",
      "display" : "test health data"
    }]
  },
  "text" : {
    "status" : "generated",
    "div" : "<div xmlns=\"http://www.w3.org/1999/xhtml\"><p class=\"res-header-id\"><b>Generated Narrative: Observation mii-exa-person-observation-vitalstatus</b></p><a name=\"mii-exa-person-observation-vitalstatus\"> </a><a name=\"hcmii-exa-person-observation-vitalstatus\"> </a><a name=\"mii-exa-person-observation-vitalstatus-en-US\"> </a><div style=\"display: inline-block; background-color: #d9e0e7; padding: 6px; margin: 4px; border: 1px solid #8da1b4; border-radius: 5px; line-height: 60%\"><p style=\"margin-bottom: 0px\"/><p style=\"margin-bottom: 0px\">Profile: <a href=\"StructureDefinition-mii-pr-person-vitalstatus.html\">MII PR Person Vitalstatusversion: null2025.0.1)</a></p><p style=\"margin-bottom: 0px\">Security Label: test health data (Details: ActReason code HTEST = 'test health data')</p></div><p><b>status</b>: Final</p><p><b>category</b>: <span title=\"Codes:{http://terminology.hl7.org/CodeSystem/observation-category survey}\">Survey</span></p><p><b>code</b>: <span title=\"Codes:{http://loinc.org 67162-8}\">Patient Disposition</span></p><p><b>subject</b>: <a href=\"https://simplifier.net/resolve?scope=de.basisprofil.r4@1.5.3&amp;canonical=http://fhir.org/packages/de.basisprofil.r4/Patient/example\">Patient/example</a></p><p><b>effective</b>: 2019-12-23 09:30:10+0100</p><p><b>value</b>: <span title=\"Codes:{https://www.medizininformatik-initiative.de/fhir/core/modul-person/CodeSystem/Vitalstatus X}\">unbekannt</span></p></div>"
  },
  "status" : "final",
  "category" : [{
    "coding" : [{
      "system" : "http://terminology.hl7.org/CodeSystem/observation-category",
      "code" : "survey"
    }]
  }],
  "code" : {
    "coding" : [{
      "system" : "http://loinc.org",
      "code" : "67162-8"
    }]
  },
  "subject" : {
    "reference" : "Patient/example"
  },
  "effectiveDateTime" : "2019-12-23T09:30:10+01:00",
  "valueCodeableConcept" : {
    "coding" : [{
      "system" : "https://www.medizininformatik-initiative.de/fhir/core/modul-person/CodeSystem/Vitalstatus",
      "code" : "X"
    }]
  }
}