{
  "package": "de.medizininformatikinitiative.kerndatensatz.person",
  "version": "2025.0.1",
  "fhirVersion": "4.0.1",
  "extensions": [],
  "profiles": {
    "Patient": [
      {
        "url": "https://www.medizininformatik-initiative.de/fhir/core/modul-person/StructureDefinition/Patient",
        "title": "MII PR Person Patient"
      },
      {
        "url": "https://www.medizininformatik-initiative.de/fhir/core/modul-person/StructureDefinition/PatientPseudonymisiert",
        "title": "MII PR Person Patient (Pseudonymisiert)"
      }
    ],
    "ResearchSubject": [
      {
        "url": "https://www.medizininformatik-initiative.de/fhir/core/modul-person/StructureDefinition/ResearchSubject",
        "title": "MII PR Person Proband"
      }
    ],
    "Condition": [
      {
        "url": "https://www.medizininformatik-initiative.de/fhir/core/modul-person/StructureDefinition/Todesursache",
        "title": "MII PR Person Todesursache"
      }
    ],
    "Observation": [
      {
        "url": "https://www.medizininformatik-initiative.de/fhir/core/modul-person/StructureDefinition/Vitalstatus",
        "title": "MII PR Person Vitalstatus"
      }
    ]
  },
  "usage": {
    "http://fhir.de/StructureDefinition/destatis/ags": [
      "Patient.address.city"
    ],
    "http://fhir.de/StructureDefinition/gender-amtlich-de": [
      "Patient.gender"
    ],
    "http://fhir.de/StructureDefinition/humanname-namenszusatz": [
      "Patient.name.family"
    ],
    "http://hl7.org/fhir/5.0/StructureDefinition/extension-ActorDefinition.contact": [
      "Basic"
    ],
    "http://hl7.org/fhir/5.0/StructureDefinition/extension-ActorDefinition.date": [
      "Basic"
    ],
    "http://hl7.org/fhir/5.0/StructureDefinition/extension-ActorDefinition.description": [
      "Basic"
    ],
    "http://hl7.org/fhir/5.0/StructureDefinition/extension-ActorDefinition.jurisdiction": [
      "Basic"
    ],
    "http://hl7.org/fhir/5.0/StructureDefinition/extension-ActorDefinition.name": [
      "Basic"
    ],
    "http://hl7.org/fhir/5.0/StructureDefinition/extension-ActorDefinition.publisher": [
      "Basic"
    ],
    "http://hl7.org/fhir/5.0/StructureDefinition/extension-ActorDefinition.status": [
      "Basic"
    ],
    "http://hl7.org/fhir/5.0/StructureDefinition/extension-ActorDefinition.title": [
      "Basic"
    ],
    "http://hl7.org/fhir/5.0/StructureDefinition/extension-ActorDefinition.type": [
      "Basic"
    ],
    "http://hl7.org/fhir/5.0/StructureDefinition/extension-ActorDefinition.url": [
      "Basic"
    ],
    "http://hl7.org/fhir/5.0/StructureDefinition/extension-ActorDefinition.version": [
      "Basic"
    ],
    "http://hl7.org/fhir/StructureDefinition/capabilitystatement-expectation": [
      "CapabilityStatement.rest.resource",
      "CapabilityStatement.rest.resource.interaction",
      "CapabilityStatement.rest.resource.searchParam"
    ],
    "http://hl7.org/fhir/StructureDefinition/data-absent-reason": [
      "Patient.birthDate"
    ],
    "http://hl7.org/fhir/StructureDefinition/elementdefinition-bestpractice": [
      "StructureDefinition.snapshot.element.constraint"
    ],
    "http://hl7.org/fhir/StructureDefinition/elementdefinition-bestpractice-explanation": [
      "StructureDefinition.snapshot.element.constraint"
    ],
    "http://hl7.org/fhir/StructureDefinition/elementdefinition-bindingName": [
      "StructureDefinition.snapshot.element.binding"
    ],
    "http://hl7.org/fhir/StructureDefinition/elementdefinition-maxValueSet": [
      "StructureDefinition.snapshot.element.binding"
    ],
    "http://hl7.org/fhir/StructureDefinition/elementdefinition-translatable": [
      "StructureDefinition.snapshot.element"
    ],
    "http://hl7.org/fhir/StructureDefinition/humanname-own-name": [
      "Patient.name.family"
    ],
    "http://hl7.org/fhir/StructureDefinition/humanname-own-prefix": [
      "Patient.name.family"
    ],
    "http://hl7.org/fhir/StructureDefinition/iso21090-ADXP-additionalLocator": [
      "Patient.address.line"
    ],
    "http://hl7.org/fhir/StructureDefinition/iso21090-ADXP-houseNumber": [
      "Patient.address.line",
      "StructureDefinition.snapshot.element.example.valueString"
    ],
    "http://hl7.org/fhir/StructureDefinition/iso21090-ADXP-postBox": [
      "Patient.address.line"
    ],
    "http://hl7.org/fhir/StructureDefinition/iso21090-ADXP-precinct": [
      "Patient.address"
    ],
    "http://hl7.org/fhir/StructureDefinition/iso21090-ADXP-streetName": [
      "Patient.address.line",
      "StructureDefinition.snapshot.element.example.valueString"
    ],
    "http://hl7.org/fhir/StructureDefinition/iso21090-EN-qualifier": [
      "Patient.name.prefix"
    ],
    "http://hl7.org/fhir/StructureDefinition/obligation": [
      "StructureDefinition.differential.element",
      "StructureDefinition.snapshot.element"
    ],
    "http://hl7.org/fhir/StructureDefinition/regex": [
      "StructureDefinition.snapshot.element.type"
    ],
    "http://hl7.org/fhir/StructureDefinition/structuredefinition-display-hint": [
      "StructureDefinition.snapshot.element"
    ],
    "http://hl7.org/fhir/StructureDefinition/structuredefinition-fhir-type": [
      "StructureDefinition.snapshot.element.type"
    ],
    "http://hl7.org/fhir/StructureDefinition/structuredefinition-hierarchy": [
      "StructureDefinition.snapshot.element.type"
    ],
    "http://hl7.org/fhir/StructureDefinition/structuredefinition-normative-version": [
      "StructureDefinition.differential.element",
      "StructureDefinition.snapshot.element"
    ],
    "http://hl7.org/fhir/StructureDefinition/structuredefinition-standards-status": [
      "StructureDefinition.differential.element",
      "StructureDefinition.snapshot.element"
    ],
    "http://hl7.org/fhir/StructureDefinition/translation": [
      "StructureDefinition.description",
      "StructureDefinition.differential.element.definition",
      "StructureDefinition.differential.element.short",
      "StructureDefinition.snapshot.element.definition",
      "StructureDefinition.snapshot.element.short",
      "StructureDefinition.title"
    ],
    "http://hl7.org/fhir/tools/StructureDefinition/ig-internal-dependency": [
      "ImplementationGuide.definition"
    ],
    "http://hl7.org/fhir/tools/StructureDefinition/ig-page-name": [
      "ImplementationGuide.definition.page",
      "ImplementationGuide.definition.page.page"
    ],
    "http://hl7.org/fhir/tools/StructureDefinition/ig-parameter": [
      "ImplementationGuide.definition"
    ],
    "http://hl7.org/fhir/tools/StructureDefinition/implementationguide-dependency-comment": [
      "ImplementationGuide.dependsOn"
    ],
    "http://hl7.org/fhir/tools/StructureDefinition/resource-information": [
      "ImplementationGuide.definition.resource"
    ],
    "http://hl7.org/fhir/tools/StructureDefinition/snapshot-base-version": [
      "StructureDefinition.snapshot"
    ],
    "https://www.medizininformatik-initiative.de/fhir/modul-meta/StructureDefinition/mii-ex-meta-license-codeable": [
      "Basic",
      "CapabilityStatement",
      "CodeSystem",
      "StructureDefinition",
      "ValueSet"
    ]
  }
}