{
  "codeSystems" : [
    {
      "url" : "http://fhir.de/ValueSet/identifier-type-de-basis",
      "version" : "1.5.3",
      "status" : "active",
      "name" : "IdentifierTypeDeBasis",
      "title" : "Identifier Type DeBasis ValueSet",
      "description" : "ValueSet zur Codierung des Identifier-Typs",
      "systems" : [
        "http://fhir.de/CodeSystem/identifier-type-de-basis",
        "http://terminology.hl7.org/CodeSystem/v2-0203"
      ],
      "uses" : {
      },
      "StructureDefinition-mii-pr-person-patient.html" : "MII PR Person Patient"
    },
    {
      "url" : "http://fhir.de/ValueSet/iso/bundeslaender",
      "version" : "1.5.3",
      "status" : "active",
      "name" : "ValueSetISO31662DE",
      "title" : "ISO-3166-2:de-Laendercodes",
      "description" : "Enthaelt die ISO-3166-2:DE Codes für die deutschen Bundeslaender.",
      "systems" : ["urn:iso:std:iso:3166-2:de"],
      "uses" : {
      },
      "StructureDefinition-mii-pr-person-patient-pseudonymisiert.html" : "MII PR Person Patient (Pseudonymisiert)",
      "StructureDefinition-mii-pr-person-patient.html" : "MII PR Person Patient"
    },
    {
      "url" : "http://hl7.org/fhir/ValueSet/address-type",
      "version" : "4.0.1",
      "status" : "active",
      "name" : "AddressType",
      "title" : "AddressType",
      "description" : "The type of an address (physical / postal).",
      "systems" : ["http://hl7.org/fhir/address-type"],
      "oids" : ["2.16.840.1.113883.4.642.3.69"],
      "sources" : ["2.16.840.1.113883.4.642.3.69"],
      "uses" : {
      },
      "StructureDefinition-mii-pr-person-patient-pseudonymisiert.html" : "MII PR Person Patient (Pseudonymisiert)",
      "StructureDefinition-mii-pr-person-patient.html" : "MII PR Person Patient"
    },
    {
      "url" : "http://hl7.org/fhir/ValueSet/address-use",
      "version" : "4.0.1",
      "status" : "active",
      "name" : "AddressUse",
      "title" : "AddressUse",
      "description" : "The use of an address.",
      "systems" : ["http://hl7.org/fhir/address-use"],
      "oids" : ["2.16.840.1.113883.4.642.3.67"],
      "sources" : ["2.16.840.1.113883.4.642.3.67"],
      "uses" : {
      },
      "StructureDefinition-mii-pr-person-patient-pseudonymisiert.html" : "MII PR Person Patient (Pseudonymisiert)",
      "StructureDefinition-mii-pr-person-patient.html" : "MII PR Person Patient"
    },
    {
      "url" : "http://hl7.org/fhir/ValueSet/administrative-gender",
      "version" : "4.0.1",
      "status" : "active",
      "name" : "AdministrativeGender",
      "title" : "AdministrativeGender",
      "description" : "The gender of a person used for administrative purposes.",
      "systems" : ["http://hl7.org/fhir/administrative-gender"],
      "oids" : ["2.16.840.1.113883.4.642.3.1"],
      "sources" : ["2.16.840.1.113883.4.642.3.1"],
      "uses" : {
      },
      "StructureDefinition-mii-pr-person-patient-pseudonymisiert.html" : "MII PR Person Patient (Pseudonymisiert)",
      "StructureDefinition-mii-pr-person-patient.html" : "MII PR Person Patient"
    },
    {
      "url" : "http://hl7.org/fhir/ValueSet/body-site",
      "version" : "4.0.1",
      "status" : "draft",
      "name" : "SNOMEDCTBodyStructures",
      "title" : "SNOMED CT Body Structures",
      "description" : "This value set includes all codes from [SNOMED CT](http://snomed.info/sct) where concept is-a 442083009 (Anatomical or acquired body site (body structure)).",
      "systems" : ["http://snomed.info/sct"],
      "oids" : ["2.16.840.1.113883.4.642.3.141"],
      "sources" : ["2.16.840.1.113883.4.642.3.141"],
      "uses" : {
      },
      "StructureDefinition-mii-pr-person-todesursache.html" : "MII PR Person Todesursache",
      "StructureDefinition-mii-pr-person-vitalstatus.html" : "MII PR Person Vitalstatus"
    },
    {
      "url" : "http://hl7.org/fhir/ValueSet/common-tags",
      "version" : "4.0.1",
      "status" : "draft",
      "name" : "CommonTags",
      "title" : "Common Tags",
      "description" : "Common Tag Codes defined by FHIR project",
      "systems" : ["http://terminology.hl7.org/CodeSystem/common-tags"],
      "oids" : ["2.16.840.1.113883.4.642.3.79"],
      "sources" : ["2.16.840.1.113883.4.642.3.79"],
      "uses" : {
      },
      "StructureDefinition-mii-pr-person-patient-pseudonymisiert.html" : "MII PR Person Patient (Pseudonymisiert)",
      "StructureDefinition-mii-pr-person-proband.html" : "MII PR Person Proband",
      "StructureDefinition-mii-pr-person-todesursache.html" : "MII PR Person Todesursache",
      "StructureDefinition-mii-pr-person-vitalstatus.html" : "MII PR Person Vitalstatus",
      "StructureDefinition-mii-pr-person-patient.html" : "MII PR Person Patient"
    },
    {
      "url" : "http://hl7.org/fhir/ValueSet/condition-category",
      "version" : "4.0.1",
      "status" : "draft",
      "name" : "ConditionCategoryCodes",
      "title" : "Condition Category Codes",
      "description" : "Preferred value set for Condition Categories.",
      "systems" : ["http://terminology.hl7.org/CodeSystem/condition-category"],
      "oids" : ["2.16.840.1.113883.4.642.3.162"],
      "sources" : ["2.16.840.1.113883.4.642.3.162"],
      "uses" : {
      },
      "StructureDefinition-mii-pr-person-todesursache.html" : "MII PR Person Todesursache"
    },
    {
      "url" : "http://hl7.org/fhir/ValueSet/condition-clinical",
      "version" : "4.0.1",
      "status" : "draft",
      "name" : "ConditionClinicalStatusCodes",
      "title" : "Condition Clinical Status Codes",
      "description" : "Preferred value set for Condition Clinical Status.",
      "systems" : ["http://terminology.hl7.org/CodeSystem/condition-clinical"],
      "oids" : ["2.16.840.1.113883.4.642.3.164"],
      "sources" : ["2.16.840.1.113883.4.642.3.164"],
      "uses" : {
      },
      "StructureDefinition-mii-pr-person-todesursache.html" : "MII PR Person Todesursache"
    },
    {
      "url" : "http://hl7.org/fhir/ValueSet/condition-code",
      "version" : "4.0.1",
      "status" : "draft",
      "name" : "Condition/Problem/DiagnosisCodes",
      "title" : "Condition/Problem/Diagnosis Codes",
      "description" : "Example value set for Condition/Problem/Diagnosis codes.",
      "systems" : ["http://snomed.info/sct"],
      "oids" : ["2.16.840.1.113883.4.642.3.161"],
      "sources" : ["2.16.840.1.113883.4.642.3.161"],
      "uses" : {
      },
      "StructureDefinition-mii-pr-person-todesursache.html" : "MII PR Person Todesursache"
    },
    {
      "url" : "http://hl7.org/fhir/ValueSet/condition-severity",
      "version" : "4.0.1",
      "status" : "draft",
      "name" : "Condition/DiagnosisSeverity",
      "title" : "Condition/Diagnosis Severity",
      "description" : "Preferred value set for Condition/Diagnosis severity grading.",
      "systems" : ["http://snomed.info/sct"],
      "oids" : ["2.16.840.1.113883.4.642.3.168"],
      "sources" : ["2.16.840.1.113883.4.642.3.168"],
      "uses" : {
      },
      "StructureDefinition-mii-pr-person-todesursache.html" : "MII PR Person Todesursache"
    },
    {
      "url" : "http://hl7.org/fhir/ValueSet/condition-stage",
      "version" : "4.0.1",
      "status" : "draft",
      "name" : "ConditionStage",
      "title" : "Condition Stage",
      "description" : "Example value set for stages of cancer and other conditions.",
      "systems" : ["http://snomed.info/sct"],
      "oids" : ["2.16.840.1.113883.4.642.3.170"],
      "sources" : ["2.16.840.1.113883.4.642.3.170"],
      "uses" : {
      },
      "StructureDefinition-mii-pr-person-todesursache.html" : "MII PR Person Todesursache"
    },
    {
      "url" : "http://hl7.org/fhir/ValueSet/condition-stage-type",
      "version" : "4.0.1",
      "status" : "draft",
      "name" : "ConditionStageType",
      "title" : "Condition Stage Type",
      "description" : "Example value set for the type of stages of cancer and other conditions",
      "systems" : ["http://snomed.info/sct"],
      "oids" : ["2.16.840.1.113883.4.642.3.171"],
      "sources" : ["2.16.840.1.113883.4.642.3.171"],
      "uses" : {
      },
      "StructureDefinition-mii-pr-person-todesursache.html" : "MII PR Person Todesursache"
    },
    {
      "url" : "http://hl7.org/fhir/ValueSet/condition-ver-status",
      "version" : "4.0.1",
      "status" : "draft",
      "name" : "ConditionVerificationStatus",
      "title" : "ConditionVerificationStatus",
      "description" : "The verification status to support or decline the clinical status of the condition or diagnosis.",
      "systems" : ["http://terminology.hl7.org/CodeSystem/condition-ver-status"],
      "oids" : ["2.16.840.1.113883.4.642.3.166"],
      "sources" : ["2.16.840.1.113883.4.642.3.166"],
      "uses" : {
      },
      "StructureDefinition-mii-pr-person-todesursache.html" : "MII PR Person Todesursache"
    },
    {
      "url" : "http://hl7.org/fhir/ValueSet/data-absent-reason",
      "version" : "4.0.1",
      "status" : "active",
      "name" : "DataAbsentReason",
      "title" : "DataAbsentReason",
      "description" : "Used to specify why the normally expected content of the data element is missing.",
      "systems" : ["http://terminology.hl7.org/CodeSystem/data-absent-reason"],
      "oids" : ["2.16.840.1.113883.4.642.3.5"],
      "sources" : ["2.16.840.1.113883.4.642.3.5"],
      "uses" : {
      },
      "StructureDefinition-mii-pr-person-vitalstatus.html" : "MII PR Person Vitalstatus"
    },
    {
      "url" : "http://hl7.org/fhir/ValueSet/identifier-type",
      "version" : "4.0.1",
      "status" : "active",
      "name" : "Identifier Type Codes",
      "title" : "IdentifierType",
      "description" : "A coded type for an identifier that can be used to determine which identifier to use for a specific purpose.",
      "systems" : ["http://terminology.hl7.org/CodeSystem/v2-0203"],
      "oids" : ["2.16.840.1.113883.4.642.3.45"],
      "sources" : ["2.16.840.1.113883.4.642.3.45"],
      "uses" : {
      },
      "StructureDefinition-mii-pr-person-proband.html" : "MII PR Person Proband",
      "StructureDefinition-mii-pr-person-patient.html" : "MII PR Person Patient"
    },
    {
      "url" : "http://hl7.org/fhir/ValueSet/identifier-use",
      "version" : "4.0.1",
      "status" : "active",
      "name" : "IdentifierUse",
      "title" : "IdentifierUse",
      "description" : "Identifies the purpose for this identifier, if known .",
      "systems" : ["http://hl7.org/fhir/identifier-use"],
      "oids" : ["2.16.840.1.113883.4.642.3.57"],
      "sources" : ["2.16.840.1.113883.4.642.3.57"],
      "uses" : {
      },
      "StructureDefinition-mii-pr-person-proband.html" : "MII PR Person Proband",
      "StructureDefinition-mii-pr-person-patient.html" : "MII PR Person Patient"
    },
    {
      "url" : "http://hl7.org/fhir/ValueSet/iso3166-1-2",
      "version" : "4.0.1",
      "status" : "active",
      "name" : "Iso3166-1-2",
      "title" : "Iso 3166 Part 1: 2 Letter Codes",
      "description" : "This value set defines the ISO 3166 Part 1 2-letter codes",
      "systems" : ["urn:iso:std:iso:3166"],
      "uses" : {
      },
      "StructureDefinition-mii-pr-person-patient-pseudonymisiert.html" : "MII PR Person Patient (Pseudonymisiert)",
      "StructureDefinition-mii-pr-person-patient.html" : "MII PR Person Patient"
    },
    {
      "url" : "http://hl7.org/fhir/ValueSet/languages",
      "version" : "4.0.1",
      "status" : "draft",
      "name" : "CommonLanguages",
      "title" : "Common Languages",
      "description" : "This value set includes common codes from BCP-47 (http://tools.ietf.org/html/bcp47)",
      "systems" : ["urn:ietf:bcp:47"],
      "oids" : ["2.16.840.1.113883.4.642.3.20"],
      "sources" : ["2.16.840.1.113883.4.642.3.20"],
      "uses" : {
      },
      "StructureDefinition-mii-pr-person-patient-pseudonymisiert.html" : "MII PR Person Patient (Pseudonymisiert)",
      "StructureDefinition-mii-pr-person-proband.html" : "MII PR Person Proband",
      "StructureDefinition-mii-pr-person-todesursache.html" : "MII PR Person Todesursache",
      "StructureDefinition-mii-pr-person-vitalstatus.html" : "MII PR Person Vitalstatus",
      "StructureDefinition-mii-pr-person-patient.html" : "MII PR Person Patient"
    },
    {
      "url" : "http://hl7.org/fhir/ValueSet/link-type",
      "version" : "4.0.1",
      "status" : "active",
      "name" : "LinkType",
      "title" : "LinkType",
      "description" : "The type of link between this patient resource and another patient resource.",
      "systems" : ["http://hl7.org/fhir/link-type"],
      "oids" : ["2.16.840.1.113883.4.642.3.423"],
      "sources" : ["2.16.840.1.113883.4.642.3.423"],
      "uses" : {
      },
      "StructureDefinition-mii-pr-person-patient-pseudonymisiert.html" : "MII PR Person Patient (Pseudonymisiert)",
      "StructureDefinition-mii-pr-person-patient.html" : "MII PR Person Patient"
    },
    {
      "url" : "http://hl7.org/fhir/ValueSet/manifestation-or-symptom",
      "version" : "4.0.1",
      "status" : "draft",
      "name" : "ManifestationAndSymptomCodes",
      "title" : "Manifestation and Symptom Codes",
      "description" : "Example value set for Manifestation and Symptom codes.",
      "systems" : ["http://snomed.info/sct"],
      "oids" : ["2.16.840.1.113883.4.642.3.169"],
      "sources" : ["2.16.840.1.113883.4.642.3.169"],
      "uses" : {
      },
      "StructureDefinition-mii-pr-person-todesursache.html" : "MII PR Person Todesursache"
    },
    {
      "url" : "http://hl7.org/fhir/ValueSet/marital-status",
      "version" : "4.0.1",
      "status" : "active",
      "name" : "Marital Status Codes",
      "title" : "MaritalStatus",
      "description" : "This value set defines the set of codes that can be used to indicate the marital status of a person.",
      "systems" : [
        "http://terminology.hl7.org/CodeSystem/v3-MaritalStatus",
        "http://terminology.hl7.org/CodeSystem/v3-NullFlavor"
      ],
      "oids" : ["2.16.840.1.113883.4.642.3.29"],
      "sources" : ["2.16.840.1.113883.4.642.3.29"],
      "uses" : {
      },
      "StructureDefinition-mii-pr-person-patient-pseudonymisiert.html" : "MII PR Person Patient (Pseudonymisiert)",
      "StructureDefinition-mii-pr-person-patient.html" : "MII PR Person Patient"
    },
    {
      "url" : "http://hl7.org/fhir/ValueSet/name-use",
      "version" : "4.0.1",
      "status" : "active",
      "name" : "NameUse",
      "title" : "NameUse",
      "description" : "The use of a human name.",
      "systems" : ["http://hl7.org/fhir/name-use"],
      "oids" : ["2.16.840.1.113883.4.642.3.65"],
      "sources" : ["2.16.840.1.113883.4.642.3.65"],
      "uses" : {
      },
      "StructureDefinition-mii-pr-person-patient.html" : "MII PR Person Patient"
    },
    {
      "url" : "http://hl7.org/fhir/ValueSet/observation-category",
      "version" : "4.0.1",
      "status" : "draft",
      "name" : "ObservationCategoryCodes",
      "title" : "Observation Category Codes",
      "description" : "Observation Category codes.",
      "systems" : ["http://terminology.hl7.org/CodeSystem/observation-category"],
      "oids" : ["2.16.840.1.113883.4.642.3.403"],
      "sources" : ["2.16.840.1.113883.4.642.3.403"],
      "uses" : {
      },
      "StructureDefinition-mii-pr-person-vitalstatus.html" : "MII PR Person Vitalstatus"
    },
    {
      "url" : "http://hl7.org/fhir/ValueSet/observation-codes",
      "version" : "4.0.1",
      "status" : "draft",
      "name" : "LOINCCodes",
      "title" : "LOINC Codes",
      "description" : "This value set includes all LOINC codes",
      "systems" : ["http://loinc.org"],
      "oids" : ["2.16.840.1.113883.4.642.3.396"],
      "sources" : ["2.16.840.1.113883.4.642.3.396"],
      "uses" : {
      },
      "StructureDefinition-mii-pr-person-vitalstatus.html" : "MII PR Person Vitalstatus"
    },
    {
      "url" : "http://hl7.org/fhir/ValueSet/observation-interpretation",
      "version" : "4.0.1",
      "status" : "active",
      "name" : "ObservationInterpretationCodes",
      "title" : "Observation Interpretation Codes",
      "description" : "A categorical assessment, providing a rough qualitative interpretation of the observation value,    such as “normal”/ “abnormal”,”low” / “high”, “better” / “worse”, “susceptible” / “resistant”, “expected”/ “not expected”.    The value set is intended to be for ANY use where coded representation of an interpretation is needed.   \r\n   \r\n   Notes:\r\n   \r\n   This is being communicated in v2.x in OBX-8 (Observation Interpretation), in v3 in ObservationInterpretation (CWE) in R1 (Representative Realm) and in FHIR in    Observation.interpretation. Historically these values come from the laboratory domain, and these codes are extensively    used. The value set binding is extensible, so codes outside the value set that are needed for interpretation concepts    (i.e. particular meanings) that are not included in the value set can be used, and these new codes may also be added to    the value set and published in a future version.",
      "systems" : [
        "http://terminology.hl7.org/CodeSystem/v3-ObservationInterpretation"
      ],
      "oids" : ["2.16.840.1.113883.4.642.3.399"],
      "sources" : ["2.16.840.1.113883.4.642.3.399"],
      "uses" : {
      },
      "StructureDefinition-mii-pr-person-vitalstatus.html" : "MII PR Person Vitalstatus"
    },
    {
      "url" : "http://hl7.org/fhir/ValueSet/observation-methods",
      "version" : "4.0.1",
      "status" : "draft",
      "name" : "ObservationMethods",
      "title" : "Observation Methods",
      "description" : "Observation Method codes from [SNOMED CT](http://snomed.info/sct) where concept is-a 272394005 (Technique (qualifier value)) or is-a 129264002 (Action (qualifier value)) or is-a 386053000 (Evaluation procedure(procedure))",
      "systems" : ["http://snomed.info/sct"],
      "oids" : ["2.16.840.1.113883.4.642.3.395"],
      "sources" : ["2.16.840.1.113883.4.642.3.395"],
      "uses" : {
      },
      "StructureDefinition-mii-pr-person-vitalstatus.html" : "MII PR Person Vitalstatus"
    },
    {
      "url" : "http://hl7.org/fhir/ValueSet/observation-status",
      "version" : "4.0.1",
      "status" : "active",
      "name" : "ObservationStatus",
      "title" : "ObservationStatus",
      "description" : "Codes providing the status of an observation.",
      "systems" : ["http://hl7.org/fhir/observation-status"],
      "oids" : ["2.16.840.1.113883.4.642.3.400"],
      "sources" : ["2.16.840.1.113883.4.642.3.400"],
      "uses" : {
      },
      "StructureDefinition-mii-pr-person-vitalstatus.html" : "MII PR Person Vitalstatus"
    },
    {
      "url" : "http://hl7.org/fhir/ValueSet/patient-contactrelationship",
      "version" : "4.0.1",
      "status" : "active",
      "name" : "PatientContactRelationship",
      "title" : "Patient Contact Relationship ",
      "description" : "The nature of the relationship between the patient and the contact person.",
      "systems" : ["http://terminology.hl7.org/CodeSystem/v2-0131"],
      "oids" : ["2.16.840.1.113883.4.642.3.1130"],
      "sources" : ["2.16.840.1.113883.4.642.3.1130"],
      "uses" : {
      },
      "StructureDefinition-mii-pr-person-patient-pseudonymisiert.html" : "MII PR Person Patient (Pseudonymisiert)",
      "StructureDefinition-mii-pr-person-patient.html" : "MII PR Person Patient"
    },
    {
      "url" : "http://hl7.org/fhir/ValueSet/referencerange-appliesto",
      "version" : "4.0.1",
      "status" : "draft",
      "name" : "ObservationReferenceRangeAppliesToCodes",
      "title" : "Observation Reference Range Applies To Codes",
      "description" : "This value set defines a set of codes that can be used to indicate the particular target population the reference range applies to.",
      "systems" : [
        "http://terminology.hl7.org/CodeSystem/v3-Race",
        "http://snomed.info/sct"
      ],
      "oids" : ["2.16.840.1.113883.4.642.3.407"],
      "sources" : ["2.16.840.1.113883.4.642.3.407"],
      "uses" : {
      },
      "StructureDefinition-mii-pr-person-vitalstatus.html" : "MII PR Person Vitalstatus"
    },
    {
      "url" : "http://hl7.org/fhir/ValueSet/referencerange-meaning",
      "version" : "4.0.1",
      "status" : "draft",
      "name" : "ObservationReferenceRangeMeaningCodes",
      "title" : "Observation Reference Range Meaning Codes",
      "description" : "This value set defines a set of codes that can be used to indicate the meaning/use of a reference range for a particular target population.",
      "systems" : [
        "http://terminology.hl7.org/CodeSystem/referencerange-meaning"
      ],
      "oids" : ["2.16.840.1.113883.4.642.3.397"],
      "sources" : ["2.16.840.1.113883.4.642.3.397"],
      "uses" : {
      },
      "StructureDefinition-mii-pr-person-vitalstatus.html" : "MII PR Person Vitalstatus"
    },
    {
      "url" : "http://hl7.org/fhir/ValueSet/research-subject-status",
      "version" : "4.0.1",
      "status" : "draft",
      "name" : "ResearchSubjectStatus",
      "title" : "ResearchSubjectStatus",
      "description" : "Indicates the progression of a study subject through a study.",
      "systems" : ["http://hl7.org/fhir/research-subject-status"],
      "oids" : ["2.16.840.1.113883.4.642.3.829"],
      "sources" : ["2.16.840.1.113883.4.642.3.829"],
      "uses" : {
      },
      "StructureDefinition-mii-pr-person-proband.html" : "MII PR Person Proband"
    },
    {
      "url" : "http://hl7.org/fhir/ValueSet/resource-types",
      "version" : "4.0.1",
      "status" : "active",
      "name" : "ResourceType",
      "title" : "ResourceType",
      "description" : "One of the resource types defined as part of this version of FHIR.",
      "systems" : ["http://hl7.org/fhir/resource-types"],
      "oids" : ["2.16.840.1.113883.4.642.3.27"],
      "sources" : ["2.16.840.1.113883.4.642.3.27"],
      "uses" : {
      },
      "StructureDefinition-mii-pr-person-patient.html" : "MII PR Person Patient"
    },
    {
      "url" : "http://hl7.org/fhir/ValueSet/security-labels",
      "version" : "4.0.1",
      "status" : "active",
      "name" : "All Security Labels",
      "title" : "SecurityLabels",
      "description" : "A single value set for all security labels defined by FHIR.",
      "systems" : [
        "http://terminology.hl7.org/CodeSystem/v3-ActReason",
        "http://terminology.hl7.org/CodeSystem/v3-ActUSPrivacyLaw",
        "http://terminology.hl7.org/CodeSystem/v3-ObservationValue",
        "http://terminology.hl7.org/CodeSystem/v3-ActCode",
        "http://terminology.hl7.org/CodeSystem/v3-Confidentiality"
      ],
      "oids" : ["2.16.840.1.113883.4.642.3.47"],
      "sources" : ["2.16.840.1.113883.4.642.3.47"],
      "uses" : {
      },
      "StructureDefinition-mii-pr-person-patient-pseudonymisiert.html" : "MII PR Person Patient (Pseudonymisiert)",
      "StructureDefinition-mii-pr-person-proband.html" : "MII PR Person Proband",
      "StructureDefinition-mii-pr-person-todesursache.html" : "MII PR Person Todesursache",
      "StructureDefinition-mii-pr-person-vitalstatus.html" : "MII PR Person Vitalstatus",
      "StructureDefinition-mii-pr-person-patient.html" : "MII PR Person Patient"
    },
    {
      "url" : "http://hl7.org/fhir/sid/icd-10/vs",
      "version" : null,
      "status" : "active",
      "name" : "ICD_10_EN",
      "title" : null,
      "description" : null,
      "systems" : ["http://hl7.org/fhir/sid/icd-10"],
      "uses" : {
      },
      "StructureDefinition-mii-pr-person-todesursache.html" : "MII PR Person Todesursache"
    },
    {
      "url" : "https://www.medizininformatik-initiative.de/fhir/core/modul-person/ValueSet/Vitalstatus",
      "version" : "2025.0.1",
      "status" : "active",
      "name" : "MII_VS_Person_Vitalstatus",
      "title" : "MII VS Person Vitalstatus",
      "description" : "Enthält alle Werte, die den Vitalstatus einer Person beschreiben.",
      "systems" : [
        "https://www.medizininformatik-initiative.de/fhir/core/modul-person/CodeSystem/Vitalstatus"
      ],
      "uses" : {
      },
      "StructureDefinition-mii-pr-person-vitalstatus.html" : "MII PR Person Vitalstatus"
    }
  ]
}
