{
  "codeSystems" : [
    {
      "url" : "https://www.medizininformatik-initiative.de/fhir/core/modul-person/ValueSet/Vitalstatus",
      "version" : "2025.0.1",
      "status" : "active",
      "name" : "MII_VS_Person_Vitalstatus",
      "title" : "MII VS Person Vitalstatus",
      "description" : "Enthält alle Werte, die den Vitalstatus einer Person beschreiben.",
      "systems" : [
        "https://www.medizininformatik-initiative.de/fhir/core/modul-person/CodeSystem/Vitalstatus"
      ]
    }
  ]
}
