{"resourceType":"Basic","id":"DataIntegrationCenter","text":{"status":"generated","div":"<div xmlns=\"http://www.w3.org/1999/xhtml\"><p class=\"res-header-id\"><b>Generated Narrative: ActorDefinition DataIntegrationCenter</b></p><a name=\"DataIntegrationCenter\"> </a><a name=\"hcDataIntegrationCenter\"> </a><a name=\"DataIntegrationCenter-en-US\"> </a><table class=\"grid\"><tr><td><b>Actor: DataIntegrationCenter </b></td><td>Data Integration Center (DIC)</td><td>Type: system </td></tr><tr><td colspan=\"3\"/></tr></table></div>"},"extension":[{"url":"https://www.medizininformatik-initiative.de/fhir/modul-meta/StructureDefinition/mii-ex-meta-license-codeable","valueCodeableConcept":{"coding":[{"system":"http://hl7.org/fhir/spdx-license","code":"CC-BY-4.0","display":"Creative Commons Attribution 4.0 International"}]}},{"url":"http://hl7.org/fhir/5.0/StructureDefinition/extension-ActorDefinition.url","valueUri":"https://www.medizininformatik-initiative.de/fhir/ActorDefinition/DataIntegrationCenter"},{"url":"http://hl7.org/fhir/5.0/StructureDefinition/extension-ActorDefinition.version","valueString":"2025.0.1"},{"url":"http://hl7.org/fhir/5.0/StructureDefinition/extension-ActorDefinition.name","valueString":"DataIntegrationCenter"},{"url":"http://hl7.org/fhir/5.0/StructureDefinition/extension-ActorDefinition.title","valueString":"Data Integration Center (DIC)"},{"url":"http://hl7.org/fhir/5.0/StructureDefinition/extension-ActorDefinition.status","valueCode":"active"},{"url":"http://hl7.org/fhir/5.0/StructureDefinition/extension-ActorDefinition.date","valueDateTime":"2025-04-22"},{"url":"http://hl7.org/fhir/5.0/StructureDefinition/extension-ActorDefinition.publisher","valueString":"Medizininformatik Initiative"},{"url":"http://hl7.org/fhir/5.0/StructureDefinition/extension-ActorDefinition.contact","valueContactDetail":{"name":"Medizininformatik Initiative","telecom":[{"system":"url","value":"https://www.medizininformatik-initiative.de/"}]}},{"url":"http://hl7.org/fhir/5.0/StructureDefinition/extension-ActorDefinition.description","valueMarkdown":"In the context of the Medical Informatics Initiative (MII), a Data Integration Center (DIC) \n    is an institutional unit established at participating university hospitals to support the integration and harmonization \n    of health-related data for research purposes."},{"url":"http://hl7.org/fhir/5.0/StructureDefinition/extension-ActorDefinition.jurisdiction"},{"url":"http://hl7.org/fhir/5.0/StructureDefinition/extension-ActorDefinition.type","valueCode":"system"}],"code":{"coding":[{"system":"http://hl7.org/fhir/fhir-types","code":"ActorDefinition"}]}}