{"resourceType":"Basic","id":"LocalTrustedThirdParty","text":{"status":"generated","div":"<div xmlns=\"http://www.w3.org/1999/xhtml\"><p class=\"res-header-id\"><b>Generated Narrative: ActorDefinition LocalTrustedThirdParty</b></p><a name=\"LocalTrustedThirdParty\"> </a><a name=\"hcLocalTrustedThirdParty\"> </a><a name=\"LocalTrustedThirdParty-en-US\"> </a><table class=\"grid\"><tr><td><b>Actor: LocalTrustedThirdParty </b></td><td>Local Trusted Third Party</td><td>Type: system </td></tr><tr><td colspan=\"3\"/></tr></table></div>"},"extension":[{"url":"https://www.medizininformatik-initiative.de/fhir/modul-meta/StructureDefinition/mii-ex-meta-license-codeable","valueCodeableConcept":{"coding":[{"system":"http://hl7.org/fhir/spdx-license","code":"CC-BY-4.0","display":"Creative Commons Attribution 4.0 International"}]}},{"url":"http://hl7.org/fhir/5.0/StructureDefinition/extension-ActorDefinition.url","valueUri":"https://www.medizininformatik-initiative.de/fhir/ActorDefinition/LocalTrustedThirdParty"},{"url":"http://hl7.org/fhir/5.0/StructureDefinition/extension-ActorDefinition.version","valueString":"2025.0.1"},{"url":"http://hl7.org/fhir/5.0/StructureDefinition/extension-ActorDefinition.name","valueString":"LocalTrustedThirdParty"},{"url":"http://hl7.org/fhir/5.0/StructureDefinition/extension-ActorDefinition.title","valueString":"Local Trusted Third Party"},{"url":"http://hl7.org/fhir/5.0/StructureDefinition/extension-ActorDefinition.status","valueCode":"active"},{"url":"http://hl7.org/fhir/5.0/StructureDefinition/extension-ActorDefinition.date","valueDateTime":"2025-04-22"},{"url":"http://hl7.org/fhir/5.0/StructureDefinition/extension-ActorDefinition.publisher","valueString":"Medizininformatik Initiative"},{"url":"http://hl7.org/fhir/5.0/StructureDefinition/extension-ActorDefinition.contact","valueContactDetail":{"name":"Medizininformatik Initiative","telecom":[{"system":"url","value":"https://www.medizininformatik-initiative.de/"}]}},{"url":"http://hl7.org/fhir/5.0/StructureDefinition/extension-ActorDefinition.description","valueMarkdown":"In the context of the Medical Informatics Initiative (MII), \n    a Local Trusted Third Party is an independent unit within each participating institution \n    responsible for identity and pseudonym management as well as consent management."},{"url":"http://hl7.org/fhir/5.0/StructureDefinition/extension-ActorDefinition.jurisdiction"},{"url":"http://hl7.org/fhir/5.0/StructureDefinition/extension-ActorDefinition.type","valueCode":"system"}],"code":{"coding":[{"system":"http://hl7.org/fhir/fhir-types","code":"ActorDefinition"}]}}